{
  "weights": {
    "probability": 0.7,
    "position_rate": 0.2,
    "run_boost": 0.1
  },
  "position_rate": {
    "top1": {
      "1": 0.7505882352941177,
      "2": 0.6588235294117647,
      "3": 0.6752941176470588,
      "4": 0.6305882352941177,
      "5": 0.5576470588235294,
      "6": 0.5035294117647059,
      "7": 0.4988235294117647,
      "8": 0.4752941176470588,
      "9": 0.45647058823529413,
      "10": 0.4447058823529412,
      "11": 0.3976470588235294,
      "12": 0.41411764705882353,
      "13": 0.3811764705882353,
      "14": 0.34352941176470586
    },
    "top2": {
      "1": 0.3035294117647059,
      "2": 0.3035294117647059,
      "3": 0.2823529411764706,
      "4": 0.32941176470588235,
      "5": 0.30823529411764705,
      "6": 0.3270588235294118,
      "7": 0.25176470588235295,
      "8": 0.26588235294117646,
      "9": 0.2752941176470588,
      "10": 0.2564705882352941,
      "11": 0.22588235294117648,
      "12": 0.2,
      "13": 0.2211764705882353,
      "14": 0.17882352941176471
    },
    "top3": {
      "1": 0.36941176470588233,
      "2": 0.33176470588235296,
      "3": 0.28941176470588237,
      "4": 0.2752941176470588,
      "5": 0.25882352941176473,
      "6": 0.24705882352941178,
      "7": 0.24,
      "8": 0.20470588235294118,
      "9": 0.22588235294117648,
      "10": 0.17411764705882352,
      "11": 0.15764705882352942,
      "12": 0.12705882352941175,
      "13": 0.11529411764705882,
      "14": 0.06588235294117648
    }
  },
  "run_stats": {
    "top1": {
      "mean": 1.9799092676604018,
      "max": 11,
      "count": 1543
    },
    "top2": {
      "mean": 1.3375527426160339,
      "max": 6,
      "count": 1185
    },
    "top3": {
      "mean": 1.288102261553589,
      "max": 5,
      "count": 1017
    }
  },
  "overall_hit_rate": {
    "top1": 0.5134453781512605,
    "top2": 0.26638655462184874,
    "top3": 0.22016806722689075
  },
  "metadata": {
    "num_contests": 425,
    "description": "Modelo heurístico com métricas de posição e runs."
  }
}